prompt_id,version_no,version_uuid,text,source,explanation,timestamp
c3ecf792-6ddf-460d-b591-e8fba8019c5a,0,6cd0cf6c-46eb-4804-bb4e-d10d5e8bb2bf,Test prompt for Week 6 version tracking,original,"{""bullets"": [""Original""]}",2025-10-13T17:32:52.041441
c3ecf792-6ddf-460d-b591-e8fba8019c5a,1,fd488937-f5f3-4759-82df-84074440e792,"Act as a technical writer, create a detailed report on the version tracking process for Week 6, including a step-by-step guide and best practices, in a format of a numbered list with brief descriptions, assuming a software development context, and provide at least 3 examples of version tracking scenarios, within a 200-word limit, and if any context is missing, please request clarification before providing a response.",groq/llama-3.3-70b,"{""bullets"": [""Added explicit role for the assistant"", ""Specified deliverables and output artifact"", ""Inserted constraint section"", ""Required clarifying questions before solution""], ""diffs"": [{""from"": ""Test prompt for Week 6 version tracking"", ""to"": ""Act as a technical writer, create a detailed report on the version tracking process for Week 6, including a step-by-step guide and best practices, in a format of a numbered list with brief descriptions, assuming a software development context, and provide at least 3 examples of version tracking scenarios, within a 200-word limit, and if any context is missing, please request clarification before providing a response.""}]}",2025-10-13T17:32:52.904047
fe108d56-5706-4305-b9f7-4f61dec12a17,0,a0018bea-84ce-48fb-a1ab-177e94e47044,Write a story about a cat,original,"{""bullets"": [""Original""]}",2025-10-13T17:33:22.161090
fe108d56-5706-4305-b9f7-4f61dec12a17,1,bcf549e0-67b7-4e0f-97a6-7944b96a4c47,"Acting as a creative writer, produce a short story about a cat, focusing on its adventures and personality. The expected output format is a narrative text, approximately 200-250 words, written in the first person from the cat's perspective. The story should include at least three descriptive scenes and a clear plot arc. Constraints: the story must be suitable for a general audience, include a clear moral or lesson, and feature a fictional cat as the main character. For example, the story could explore the cat's journey as it learns to navigate its surroundings, makes friends, or overcomes challenges. If any clarifying questions arise regarding the tone, genre, or specific themes to be included, please ask before proceeding.",groq/llama-3.3-70b,"{""bullets"": [""Added explicit role for the assistant"", ""Specified deliverables and output artifact"", ""Inserted constraint section"", ""Required clarifying questions before solution""], ""diffs"": [{""from"": ""Write a story about a cat"", ""to"": ""Acting as a creative writer, produce a short story about a cat, focusing on its adventures and personality. The expected output format is a narrative text, approximately 200-250 words, written in the first person from the cat's perspective. The story should include at least three descriptive scenes and a clear plot arc. Constraints: the story must be suitable for a general audience, include a clear moral or lesson, and feature a fictional cat as the main character. For example, the story could explore the cat's journey as it learns to navigate its surroundings, makes friends, or overcomes challenges. If any clarifying questions arise regarding the tone, genre, or specific themes to be included, please ask before proceeding.""}]}",2025-10-13T17:33:23.216252
e63c8faf-c1cc-4285-ace7-a1ab7284f9a7,0,5a2c4398-2a66-48a9-8450-ab2383b59aa4,,original,"{""bullets"": [""Original""]}",2025-10-13T17:33:23.249804
e63c8faf-c1cc-4285-ace7-a1ab7284f9a7,1,a7936c7e-bbb2-4841-a1ba-c7a437d09576,"It seems like you forgot to include the prompt that needs improvement. Please provide the original prompt, and I'll be happy to assist you in enhancing it according to the guidelines.",groq/llama-3.3-70b,"{""bullets"": [""Added explicit role for the assistant"", ""Specified deliverables and output artifact"", ""Inserted constraint section"", ""Required clarifying questions before solution""], ""diffs"": [{""from"": """", ""to"": ""It seems like you forgot to include the prompt that needs improvement. Please provide the original prompt, and I'll be happy to assist you in enhancing it according to the guidelines.""}]}",2025-10-13T17:33:23.825571
171fd50f-e464-4867-bbf2-803ad86885d0,0,1f50ae49-e7ff-47d5-8fa6-3c7aa1bf3220,Write a story about a cat Write a story about a cat Write a story about a cat Write a story about a cat Write a story about a cat Write a story about a cat Write a story about a cat Write a story about a cat Write a story about a cat Write a story about a cat Write a story about a cat Write a story about a cat Write a story about a cat Write a story about a cat Write a story about a cat Write a story about a cat Write a story about a cat Write a story about a cat Write a story about a cat Write a story about a cat Write a story about a cat Write a story about a cat Write a story about a cat Write a story about a cat Write a story about a cat Write a story about a cat Write a story about a cat Write a story about a cat Write a story about a cat Write a story about a cat Write a story about a cat Write a story about a cat Write a story about a cat Write a story about a cat Write a story about a cat Write a story about a cat Write a story about a cat Write a story about a cat Write a story about a cat Write a story about a cat Write a story about a cat Write a story about a cat Write a story about a cat Write a story about a cat Write a story about a cat Write a story about a cat Write a story about a cat Write a story about a cat Write a story about a cat Write a story about a cat Write a story about a cat Write a story about a cat Write a story about a cat Write a story about a cat Write a story about a cat Write a story about a cat Write a story about a cat Write a story about a cat Write a story about a cat Write a story about a cat Write a story about a cat Write a story about a cat Write a story about a cat Write a story about a cat Write a story about a cat Write a story about a cat Write a story about a cat Write a story about a cat Write a story about a cat Write a story about a cat Write a story about a cat Write a story about a cat Write a story about a cat Write a story about a cat Write a story about a cat Write a story about a cat Write a story about a cat Write a story about a cat Write a story about a cat Write a story about a cat Write a story about a cat Write a story about a cat Write a story about a cat Write a story about a cat Write a story about a cat Write a story about a cat Write a story about a cat Write a story about a cat Write a story about a cat Write a story about a cat Write a story about a cat Write a story about a cat Write a story about a cat Write a story about a cat Write a story about a cat Write a story about a cat Write a story about a cat Write a story about a cat Write a story about a cat Write a story about a cat ,original,"{""bullets"": [""Original""]}",2025-10-13T17:33:23.835229
171fd50f-e464-4867-bbf2-803ad86885d0,1,a2b77224-35cb-4b27-863b-56ef8d6f937f,"Acting as a creative writer, produce a short story about a cat, within a 200-250 word limit, in a narrative format with a clear beginning, middle, and end. The story should include the cat's name, age, breed, and a brief description of its appearance, as well as a central plot or conflict that the cat must resolve. The output should be in a plain text format, with proper grammar, spelling, and punctuation. If you need clarification on any aspect of the prompt, please request additional information before proceeding. For example, you could explore a theme such as friendship, exploration, or overcoming fear, and include sensory details to bring the story to life.",groq/llama-3.3-70b,"{""bullets"": [""Added explicit role for the assistant"", ""Specified deliverables and output artifact"", ""Inserted constraint section"", ""Required clarifying questions before solution""], ""diffs"": [{""from"": ""Write a story about a cat Write a story about a cat Write a story about a cat Write a story about a cat Write a story about a cat Write a story about a cat Write a story about a cat Write a story about a cat Write a story about a cat Write a story about a cat Write a story about a cat Write a story about a cat Write a story about a cat Write a story about a cat Write a story about a cat Write a story about a cat Write a story about a cat Write a story about a cat Write a story about a cat Write a story about a cat Write a story about a cat Write a story about a cat Write a story about a cat Write a story about a cat Write a story about a cat Write a story about a cat Write a story about a cat Write a story about a cat Write a story about a cat Write a story about a cat Write a story about a cat Write a story about a cat Write a story about a cat Write a story about a cat Write a story about a cat Write a story about a cat Write a story about a cat Write a story about a cat Write a story about a cat Write a story about a cat Write a story about a cat Write a story about a cat Write a story about a cat Write a story about a cat Write a story about a cat Write a story about a cat Write a story about a cat Write a story about a cat Write a story about a cat Write a story about a cat Write a story about a cat Write a story about a cat Write a story about a cat Write a story about a cat Write a story about a cat Write a story about a cat Write a story about a cat Write a story about a cat Write a story about a cat Write a story about a cat Write a story about a cat Write a story about a cat Write a story about a cat Write a story about a cat Write a story about a cat Write a story about a cat Write a story about a cat Write a story about a cat Write a story about a cat Write a story about a cat Write a story about a cat Write a story about a cat Write a story about a cat Write a story about a cat Write a story about a cat Write a story about a cat Write a story about a cat Write a story about a cat Write a story about a cat Write a story about a cat Write a story about a cat Write a story about a cat Write a story about a cat Write a story about a cat Write a story about a cat Write a story about a cat Write a story about a cat Write a story about a cat Write a story about a cat Write a story about a cat Write a story about a cat Write a story about a cat Write a story about a cat Write a story about a cat Write a story about a cat Write a story about a cat Write a story about a cat Write a story about a cat Write a story about a cat Write a story about a cat "", ""to"": ""Acting as a creative writer, produce a short story about a cat, within a 200-250 word limit, in a narrative format with a clear beginning, middle, and end. The story should include the cat's name, age, breed, and a brief description of its appearance, as well as a central plot or conflict that the cat must resolve. The output should be in a plain text format, with proper grammar, spelling, and punctuation. If you need clarification on any aspect of the prompt, please request additional information before proceeding. For example, you could explore a theme such as friendship, exploration, or overcoming fear, and include sensory details to bring the story to life.""}]}",2025-10-13T17:33:24.952603
af857a61-301d-4774-9d81-a47a662d9ab0,0,4a6cc00b-3a7c-48ff-8b3c-f20c751092de,Write a Python function,original,"{""bullets"": [""Original""]}",2025-10-13T17:33:24.957037
af857a61-301d-4774-9d81-a47a662d9ab0,1,f760f6f1-df63-4071-9138-98176eab3303,"Acting as a seasoned Python developer, write a well-documented and concise Python function that solves a specific problem. The function should be in a format that can be easily copied and pasted into a Python interpreter or integrated development environment (IDE). 

The expected output format is a single Python function definition, including any necessary import statements, with clear and descriptive variable names and comments explaining the purpose of the function, its parameters, and its return values.

Constraints: The function should be no more than 20 lines of code, should not rely on any external libraries beyond the Python standard library, and should include a docstring that describes its usage.

For example, a function to calculate the area of a rectangle might look like this:
```
def calculate_rectangle_area(length: int, width: int) -> int:
    """"""
    Calculate the area of a rectangle.

    Args:
        length (int): The length of the rectangle.
        width (int): The width of the rectangle.

    Returns:
        int: The area of the rectangle.
    """"""
    return length * width
```
Please provide a specific problem for the function to solve, such as data processing, mathematical calculation, or string manipulation, and I will create the function accordingly. If the context is unclear, please request additional information to ensure the function meets the requirements.",groq/llama-3.3-70b,"{""bullets"": [""Added explicit role for the assistant"", ""Specified deliverables and output artifact"", ""Inserted constraint section"", ""Required clarifying questions before solution""], ""diffs"": [{""from"": ""Write a Python function"", ""to"": ""Acting as a seasoned Python developer, write a well-documented and concise Python function that solves a specific problem. The function should be in a format that can be easily copied and pasted into a Python interpreter or integrated development environment (IDE). \n\nThe expected output format is a single Python function definition, including any necessary import statements, with clear and descriptive variable names and comments explaining the purpose of the function, its parameters, and its return values.\n\nConstraints: The function should be no more than 20 lines of code, should not rely on any external libraries beyond the Python standard library, and should include a docstring that describes its usage.\n\nFor example, a function to calculate the area of a rectangle might look like this:\n```\ndef calculate_rectangle_area(length: int, width: int) -> int:\n    \""\""\""\n    Calculate the area of a rectangle.\n\n    Args:\n        length (int): The length of the rectangle.\n        width (int): The width of the rectangle.\n\n    Returns:\n        int: The area of the rectangle.\n    \""\""\""\n    return length * width\n```\nPlease provide a specific problem for the function to solve, such as data processing, mathematical calculation, or string manipulation, and I will create the function accordingly. If the context is unclear, please request additional information to ensure the function meets the requirements.""}]}",2025-10-13T17:33:26.384137
f7a7dda1-c2b3-4813-aa66-c0cde072d177,0,9dd9df61-4ce2-4761-96c7-2f80c8862cd2,Help me code,original,"{""bullets"": [""Original""]}",2025-10-13T17:33:26.395581
f7a7dda1-c2b3-4813-aa66-c0cde072d177,1,c7c987ee-8948-4cc7-83fa-2901a2f0155a,"Acting as a skilled coding assistant, provide a fully executable piece of code in Python, to solve a specific programming problem of my choice. The code should be well-structured, readable, and include clear documentation. 

Please respond with a code snippet in the following format: 
```
# Code starts here
[insert code]
# Code ends here
```
Before providing the code, I would like you to ask for clarification on the following: 
1. What programming problem would you like me to solve (e.g., data processing, algorithm implementation, web development)?
2. Are there any specific constraints or requirements (e.g., performance, security, compatibility) that the code should meet?
3. Would you like me to include any examples or test cases to demonstrate the code's functionality?",groq/llama-3.3-70b,"{""bullets"": [""Added explicit role for the assistant"", ""Specified deliverables and output artifact"", ""Inserted constraint section"", ""Required clarifying questions before solution""], ""diffs"": [{""from"": ""Help me code"", ""to"": ""Acting as a skilled coding assistant, provide a fully executable piece of code in Python, to solve a specific programming problem of my choice. The code should be well-structured, readable, and include clear documentation. \n\nPlease respond with a code snippet in the following format: \n```\n# Code starts here\n[insert code]\n# Code ends here\n```\nBefore providing the code, I would like you to ask for clarification on the following: \n1. What programming problem would you like me to solve (e.g., data processing, algorithm implementation, web development)?\n2. Are there any specific constraints or requirements (e.g., performance, security, compatibility) that the code should meet?\n3. Would you like me to include any examples or test cases to demonstrate the code's functionality?""}]}",2025-10-13T17:33:27.407915
f7a7dda1-c2b3-4813-aa66-c0cde072d177,2,e8d5460a-5799-4c94-9dc0-f980dea86e69,"Acting as a professional software developer, provide a fully executable code snippet in Python, to address a specific programming task of my choice. Please include a brief explanation of the code, any necessary import statements, and example use cases. The code should be well-structured, readable, and follow standard professional guidelines. If you require more context or details about the task, please ask clarifying questions before providing a response. Specify the task you will be coding for, and ensure the code is concise, yet comprehensive. Output should be in the format of a Markdown code block with headers for explanation and example usage. Constraints: the code should not exceed 200 lines and should be compatible with Python 3.8+.",groq/llama-3.3-70b,"{""bullets"": [""Added explicit role for the assistant"", ""Specified deliverables and output artifact"", ""Inserted constraint section"", ""Required clarifying questions before solution""], ""diffs"": [{""from"": ""Help me code"", ""to"": ""Acting as a professional software developer, provide a fully executable code snippet in Python, to address a specific programming task of my choice. Please include a brief explanation of the code, any necessary import statements, and example use cases. The code should be well-structured, readable, and follow standard professional guidelines. If you require more context or details about the task, please ask clarifying questions before providing a response. Specify the task you will be coding for, and ensure the code is concise, yet comprehensive. Output should be in the format of a Markdown code block with headers for explanation and example usage. Constraints: the code should not exceed 200 lines and should be compatible with Python 3.8+.""}]}",2025-10-13T17:33:28.388512
902cc042-755a-46a7-bc06-38ee877b09d1,0,8927c025-5974-470c-846d-2182903b003f,Test prompt for Week 6 version tracking,original,"{""bullets"": [""Original""]}",2025-10-13T17:33:28.394427
902cc042-755a-46a7-bc06-38ee877b09d1,1,c8e64e69-03e5-4153-9f47-b0563a7b3a71,"Acting as a technical writer, create a comprehensive report on the importance of version tracking in software development, including its benefits, challenges, and best practices. The report should be in a formal, numbered list format with a maximum of 500 words. Assume the target audience is junior developers with basic knowledge of software development principles. Provide at least 3 examples of version tracking tools and their applications. If any context or information is missing, please request clarification before proceeding with the response.",groq/llama-3.3-70b,"{""bullets"": [""Added explicit role for the assistant"", ""Specified deliverables and output artifact"", ""Inserted constraint section"", ""Required clarifying questions before solution""], ""diffs"": [{""from"": ""Test prompt for Week 6 version tracking"", ""to"": ""Acting as a technical writer, create a comprehensive report on the importance of version tracking in software development, including its benefits, challenges, and best practices. The report should be in a formal, numbered list format with a maximum of 500 words. Assume the target audience is junior developers with basic knowledge of software development principles. Provide at least 3 examples of version tracking tools and their applications. If any context or information is missing, please request clarification before proceeding with the response.""}]}",2025-10-13T17:33:29.143161
27aa1c7c-dd5a-49c7-a962-77945d3a0bbf,0,339b22ab-a651-473c-a595-72ac3377f3a1,Help me code a sorting algorithm,original,"{""bullets"": [""Original""]}",2025-10-23T20:12:29.645435
27aa1c7c-dd5a-49c7-a962-77945d3a0bbf,1,f3d750bf-2e44-4747-8544-9e4b20f9f7d5,"Acting as a seasoned software developer, provide a fully executable code implementation of a sorting algorithm, specifically the QuickSort algorithm, in Python. The output should be a Markdown-formatted code block containing the implementation, along with a brief explanation of the algorithm's time and space complexity. Assume the input is a list of integers and include example usage. If any context or details are missing, please request clarification before providing the implementation. The response should adhere to standard professional guidelines for code quality and readability.",groq/llama-3.3-70b,"{""bullets"": [""Added explicit role for the assistant"", ""Specified deliverables and output artifact"", ""Inserted constraint section"", ""Required clarifying questions before solution""], ""diffs"": [{""from"": ""Help me code a sorting algorithm"", ""to"": ""Acting as a seasoned software developer, provide a fully executable code implementation of a sorting algorithm, specifically the QuickSort algorithm, in Python. The output should be a Markdown-formatted code block containing the implementation, along with a brief explanation of the algorithm's time and space complexity. Assume the input is a list of integers and include example usage. If any context or details are missing, please request clarification before providing the implementation. The response should adhere to standard professional guidelines for code quality and readability.""}]}",2025-10-23T20:12:30.824722
0727c426-3ef2-4d1f-9edd-840e10f40f99,0,66a6829c-cb25-4649-8ecd-c31773a931df,Help me code a sorting algorithm,original,"{""bullets"": [""Original""]}",2025-10-23T20:31:13.552073
0727c426-3ef2-4d1f-9edd-840e10f40f99,1,5cd2ab55-86d5-4a50-b625-bea12fa1edde,"Acting as a skilled programming tutor, provide a step-by-step guide on implementing a sorting algorithm, specifically the QuickSort algorithm, in Python. The output should be a fully executable code snippet, formatted with Markdown headers and code blocks, and include explanations for each section. 

Constraints: 
- The input list should be a collection of unique integers.
- The algorithm should have an average time complexity of O(n log n).
- The code should be well-documented with comments.

Example input: `[5, 2, 9, 1, 7]`
Example output: `[1, 2, 5, 7, 9]`

If any context or details are missing, please request clarification before providing the solution.",groq/llama-3.3-70b,"{""bullets"": [""Added explicit role for the assistant"", ""Specified deliverables and output artifact"", ""Inserted constraint section"", ""Required clarifying questions before solution""], ""diffs"": [{""from"": ""Help me code a sorting algorithm"", ""to"": ""Acting as a skilled programming tutor, provide a step-by-step guide on implementing a sorting algorithm, specifically the QuickSort algorithm, in Python. The output should be a fully executable code snippet, formatted with Markdown headers and code blocks, and include explanations for each section. \n\nConstraints: \n- The input list should be a collection of unique integers.\n- The algorithm should have an average time complexity of O(n log n).\n- The code should be well-documented with comments.\n\nExample input: `[5, 2, 9, 1, 7]`\nExample output: `[1, 2, 5, 7, 9]`\n\nIf any context or details are missing, please request clarification before providing the solution.""}]}",2025-10-23T20:31:14.633384
bb7bc476-b0ba-4d19-83ae-c5978f6f4805,0,ddf9d507-5086-4b78-9f7f-0ff7698875ec,Help me code a sorting algorithm,original,"{""bullets"": [""Original""]}",2025-10-23T20:37:42.281324
bb7bc476-b0ba-4d19-83ae-c5978f6f4805,1,b665ce7d-a932-4f7a-9784-954d2126e635,"Acting as a professional coding tutor, provide a step-by-step implementation of a sorting algorithm in Python, with a focus on the QuickSort method. The response should be in a Markdown format with headings for Explanation, Code, and Example Use Cases. Include constraints such as handling arrays of integers, supporting a maximum array size of 1000 elements, and ensuring the algorithm has an average time complexity of O(n log n). If necessary, request clarification on specific requirements, such as handling duplicate elements or optimizing for specific edge cases. For example, provide a sample input array [5, 2, 9, 1, 7] and its corresponding sorted output [1, 2, 5, 7, 9].",groq/llama-3.3-70b,"{""bullets"": [""Added explicit role for the assistant"", ""Specified deliverables and output artifact"", ""Inserted constraint section"", ""Required clarifying questions before solution""], ""diffs"": [{""from"": ""Help me code a sorting algorithm"", ""to"": ""Acting as a professional coding tutor, provide a step-by-step implementation of a sorting algorithm in Python, with a focus on the QuickSort method. The response should be in a Markdown format with headings for Explanation, Code, and Example Use Cases. Include constraints such as handling arrays of integers, supporting a maximum array size of 1000 elements, and ensuring the algorithm has an average time complexity of O(n log n). If necessary, request clarification on specific requirements, such as handling duplicate elements or optimizing for specific edge cases. For example, provide a sample input array [5, 2, 9, 1, 7] and its corresponding sorted output [1, 2, 5, 7, 9].""}]}",2025-10-23T20:37:43.360820
f0acb552-9b94-4c8d-8fcc-356f5db837f6,0,a58e3606-4b75-4650-9cdd-34a294e369a8,help me create a lesson plan for an african american course,original,"{""bullets"": [""Original""]}",2025-10-23T20:38:24.001896
f0acb552-9b94-4c8d-8fcc-356f5db837f6,1,f4a01738-1818-4e78-8acf-3570238eff95,"Acting as an experienced educator, create a comprehensive lesson plan for a high school African American studies course, focusing on the Civil Rights Movement. The lesson plan should be in a standard format, including a title, objectives, materials, procedures, and assessments. 

The expected output format is a detailed, 2-page lesson plan in Microsoft Word or Google Docs format, with the following sections: 
1. Introduction (including course title, grade level, and time needed)
2. Objectives (specific, measurable, achievable, relevant, and time-bound)
3. Materials (list of textbooks, online resources, and multimedia tools)
4. Procedures (step-by-step guide to the lesson, including discussions, activities, and assignments)
5. Assessments (description of quizzes, tests, or projects used to evaluate student understanding)

Assume the class size is 25 students, and the time available for the lesson is 60 minutes. The lesson plan should align with state and national standards for social studies education. 

If any clarification is needed regarding the course scope, specific topics to cover, or any other details, please request additional information before generating the lesson plan. 

Examples of relevant topics to cover in the lesson plan include the key events, figures, and outcomes of the Civil Rights Movement, such as the Montgomery Bus Boycott, the March on Washington, and the Civil Rights Act of 1964.",groq/llama-3.3-70b,"{""bullets"": [""Added explicit role for the assistant"", ""Specified deliverables and output artifact"", ""Inserted constraint section"", ""Required clarifying questions before solution""], ""diffs"": [{""from"": ""help me create a lesson plan for an african american course"", ""to"": ""Acting as an experienced educator, create a comprehensive lesson plan for a high school African American studies course, focusing on the Civil Rights Movement. The lesson plan should be in a standard format, including a title, objectives, materials, procedures, and assessments. \n\nThe expected output format is a detailed, 2-page lesson plan in Microsoft Word or Google Docs format, with the following sections: \n1. Introduction (including course title, grade level, and time needed)\n2. Objectives (specific, measurable, achievable, relevant, and time-bound)\n3. Materials (list of textbooks, online resources, and multimedia tools)\n4. Procedures (step-by-step guide to the lesson, including discussions, activities, and assignments)\n5. Assessments (description of quizzes, tests, or projects used to evaluate student understanding)\n\nAssume the class size is 25 students, and the time available for the lesson is 60 minutes. The lesson plan should align with state and national standards for social studies education. \n\nIf any clarification is needed regarding the course scope, specific topics to cover, or any other details, please request additional information before generating the lesson plan. \n\nExamples of relevant topics to cover in the lesson plan include the key events, figures, and outcomes of the Civil Rights Movement, such as the Montgomery Bus Boycott, the March on Washington, and the Civil Rights Act of 1964.""}]}",2025-10-23T20:38:25.209271
26659e2b-90a7-482b-8483-24bc60133999,0,0d32716d-c092-4ac9-9df8-0a6992f6fccb,help me create a lesson plan for an african american course that meets 2 twice a week for an hour and a half (for a 25 person class),original,"{""bullets"": [""Original""]}",2025-10-23T20:39:26.018447
26659e2b-90a7-482b-8483-24bc60133999,1,4e0d4203-7899-4b9d-85d4-620be5fdae01,"Acting as an experienced educator, create a comprehensive lesson plan for a 25-person African American studies course that meets twice a week for 1.5 hours. The lesson plan should be delivered in a Microsoft Word document format, with the following sections: course objectives, weekly topics, learning activities, assessment methods, and required readings. 

Assume the course covers the historical and cultural experiences of African Americans from the colonial era to the present day. The lesson plan should include a minimum of 8 weeks of instruction, with at least 2 learning activities per week. 

Consider the following constraints: 
- The class has a diverse range of learning styles and abilities.
- The course should incorporate primary sources, such as speeches, letters, and images.
- The instructor has access to a computer lab and multimedia equipment.

Provide an example of a weekly lesson plan, including a topic, learning objectives, and at least one learning activity. If any context or information is missing, please request clarification before generating the lesson plan. The final lesson plan should be concise, yet detailed, and include suggestions for accommodations and modifications for students with different learning needs.",groq/llama-3.3-70b,"{""bullets"": [""Added explicit role for the assistant"", ""Specified deliverables and output artifact"", ""Inserted constraint section"", ""Required clarifying questions before solution""], ""diffs"": [{""from"": ""help me create a lesson plan for an african american course that meets 2 twice a week for an hour and a half (for a 25 person class)"", ""to"": ""Acting as an experienced educator, create a comprehensive lesson plan for a 25-person African American studies course that meets twice a week for 1.5 hours. The lesson plan should be delivered in a Microsoft Word document format, with the following sections: course objectives, weekly topics, learning activities, assessment methods, and required readings. \n\nAssume the course covers the historical and cultural experiences of African Americans from the colonial era to the present day. The lesson plan should include a minimum of 8 weeks of instruction, with at least 2 learning activities per week. \n\nConsider the following constraints: \n- The class has a diverse range of learning styles and abilities.\n- The course should incorporate primary sources, such as speeches, letters, and images.\n- The instructor has access to a computer lab and multimedia equipment.\n\nProvide an example of a weekly lesson plan, including a topic, learning objectives, and at least one learning activity. If any context or information is missing, please request clarification before generating the lesson plan. The final lesson plan should be concise, yet detailed, and include suggestions for accommodations and modifications for students with different learning needs.""}]}",2025-10-23T20:39:27.248965
57a66c40-7bc2-4724-a0eb-9b34c10e8b36,0,deb0cd68-812a-4f72-8761-a5bf49c0bb79,"Help me code a sorting algorithm
",original,"{""bullets"": [""Original""]}",2025-10-23T20:56:00.789188
57a66c40-7bc2-4724-a0eb-9b34c10e8b36,1,70ee61d3-ce8a-436f-916b-bbdff18d1473,"Acting as a skilled software developer, provide a fully executable implementation of a sorting algorithm in Python, including a clear explanation of the algorithm's time and space complexity, and an example use case. The response should be in a Markdown format with headings for the algorithm description, code, and example usage. Assume the input is a list of integers and the output should be a sorted list in ascending order. If any additional context or constraints are needed to provide a high-quality response, please request clarification before proceeding.",groq/llama-3.3-70b,"{""bullets"": [""Added explicit role for the assistant"", ""Specified deliverables and output artifact"", ""Inserted constraint section"", ""Required clarifying questions before solution""], ""diffs"": [{""from"": ""Help me code a sorting algorithm\n"", ""to"": ""Acting as a skilled software developer, provide a fully executable implementation of a sorting algorithm in Python, including a clear explanation of the algorithm's time and space complexity, and an example use case. The response should be in a Markdown format with headings for the algorithm description, code, and example usage. Assume the input is a list of integers and the output should be a sorted list in ascending order. If any additional context or constraints are needed to provide a high-quality response, please request clarification before proceeding.""}]}",2025-10-23T20:56:01.449285
6baecb24-41da-415d-ba0f-54eaa66318e8,0,084ea4d3-4a77-4ef9-97ce-59eba29c7a9a,Help me code a sorting algorithm,original,"{""bullets"": [""Original""]}",2025-10-23T21:08:04.510197
6baecb24-41da-415d-ba0f-54eaa66318e8,1,99a27f2f-ac0a-4e5a-b15c-7fcf800149e3,"Acting as a seasoned software developer, provide a well-structured and readable implementation of a sorting algorithm in Python, following standard professional guidelines. The expected output should be a fully executable code snippet that sorts a list of integers in ascending order, along with a brief explanation of the algorithm's time and space complexity. 

Please include the following constraints in your implementation:
- The algorithm should have a time complexity of O(n log n) or better
- The code should be compatible with Python 3.8 or later
- Use Markdown formatting for maximum readability, with headers for explanation and code blocks for implementation

If helpful, consider providing an example use case, such as sorting the list `[5, 2, 8, 3, 1, 4, 6]`. 

Before proceeding, are there any specific requirements or preferences for the sorting algorithm (e.g., stability, in-place sorting), or any additional context that might be necessary to provide a high-quality implementation?",groq/llama-3.3-70b,"{""bullets"": [""Added explicit role for the assistant"", ""Specified deliverables and output artifact"", ""Inserted constraint section"", ""Required clarifying questions before solution""], ""diffs"": [{""from"": ""Help me code a sorting algorithm"", ""to"": ""Acting as a seasoned software developer, provide a well-structured and readable implementation of a sorting algorithm in Python, following standard professional guidelines. The expected output should be a fully executable code snippet that sorts a list of integers in ascending order, along with a brief explanation of the algorithm's time and space complexity. \n\nPlease include the following constraints in your implementation:\n- The algorithm should have a time complexity of O(n log n) or better\n- The code should be compatible with Python 3.8 or later\n- Use Markdown formatting for maximum readability, with headers for explanation and code blocks for implementation\n\nIf helpful, consider providing an example use case, such as sorting the list `[5, 2, 8, 3, 1, 4, 6]`. \n\nBefore proceeding, are there any specific requirements or preferences for the sorting algorithm (e.g., stability, in-place sorting), or any additional context that might be necessary to provide a high-quality implementation?""}]}",2025-10-23T21:08:05.767842
368886a7-3d8e-4c84-939d-173f682cd377,0,39fcb85a-e54e-44a7-8d2f-724de8b64f28,help me create a lesson plan for an african american course that meets 2 twice a week for an hour and a half (for a 25 person class),original,"{""bullets"": [""Original""]}",2025-10-23T21:11:27.732670
368886a7-3d8e-4c84-939d-173f682cd377,1,27d826c9-441d-46dc-b5f8-e1f7da80f264,"Acting as an experienced educator, create a comprehensive lesson plan for an African American studies course that meets twice a week for 1.5 hours, with a class size of 25 students. The lesson plan should be delivered in a structured format, including:

* Course objectives
* Weekly topics and learning outcomes
* Teaching methods and materials
* Assessment strategies
* Accommodations for diverse learning needs

The lesson plan should cover a minimum of 8 weeks of instruction, with each week's topics and activities building on the previous week's content. The course should explore significant events, figures, and cultural movements in African American history, from the colonial era to the present day.

Please provide the lesson plan in a Microsoft Word-compatible document format, with headings, bullet points, and concise descriptions of each activity. Include at least two examples of interactive learning activities, such as discussions, debates, or group projects, that you would use to engage students in the course material.

If you require any additional context or clarification on the course goals or student demographics, please request specific information before generating the lesson plan.",groq/llama-3.3-70b,"{""bullets"": [""Added explicit role for the assistant"", ""Specified deliverables and output artifact"", ""Inserted constraint section"", ""Required clarifying questions before solution""], ""diffs"": [{""from"": ""help me create a lesson plan for an african american course that meets 2 twice a week for an hour and a half (for a 25 person class)"", ""to"": ""Acting as an experienced educator, create a comprehensive lesson plan for an African American studies course that meets twice a week for 1.5 hours, with a class size of 25 students. The lesson plan should be delivered in a structured format, including:\n\n* Course objectives\n* Weekly topics and learning outcomes\n* Teaching methods and materials\n* Assessment strategies\n* Accommodations for diverse learning needs\n\nThe lesson plan should cover a minimum of 8 weeks of instruction, with each week's topics and activities building on the previous week's content. The course should explore significant events, figures, and cultural movements in African American history, from the colonial era to the present day.\n\nPlease provide the lesson plan in a Microsoft Word-compatible document format, with headings, bullet points, and concise descriptions of each activity. Include at least two examples of interactive learning activities, such as discussions, debates, or group projects, that you would use to engage students in the course material.\n\nIf you require any additional context or clarification on the course goals or student demographics, please request specific information before generating the lesson plan.""}]}",2025-10-23T21:11:28.810211
ecf58b8c-0f7c-4ff0-939a-8f9b99c6daba,0,f4dd3a06-9d6d-49a0-ac81-6a1b5b269887,help me create a lesson plan for an african american course that meets 2 twice a week for an hour and a half (for a 25 person class),original,"{""bullets"": [""Original""]}",2025-10-23T21:11:29.056662
ecf58b8c-0f7c-4ff0-939a-8f9b99c6daba,1,905a5476-3f23-4576-babf-9385e9f27343,"Acting as an experienced educator, create a comprehensive lesson plan for a 25-person African American studies course that meets twice a week for 1.5 hours. The lesson plan should be delivered in a structured format, including:

* A brief course description and objectives
* A week-by-week outline of topics and activities
* Specific learning outcomes and assessments for each week
* Recommendations for instructional materials, such as textbooks, articles, and multimedia resources

Assuming a 15-week semester, the lesson plan should cover a range of topics relevant to African American studies, including history, culture, literature, and social justice. Please consider the following constraints:
* The course should be engaging and interactive, incorporating discussions, group work, and presentations
* The course should include a mix of lectures, readings, and multimedia materials
* The course should assess student learning through a combination of quizzes, written assignments, and class participation

For example, the first week of the course might include an introduction to the field of African American studies, including its key concepts, theories, and methodologies. Please provide a sample week's worth of lesson plans to demonstrate your approach. If you have any questions or need further clarification on the course objectives or requirements, please request additional information before proceeding. The final lesson plan should be delivered in a Microsoft Word document or Google Doc format, with clear headings and bullet points.",groq/llama-3.3-70b,"{""bullets"": [""Added explicit role for the assistant"", ""Specified deliverables and output artifact"", ""Inserted constraint section"", ""Required clarifying questions before solution""], ""diffs"": [{""from"": ""help me create a lesson plan for an african american course that meets 2 twice a week for an hour and a half (for a 25 person class)"", ""to"": ""Acting as an experienced educator, create a comprehensive lesson plan for a 25-person African American studies course that meets twice a week for 1.5 hours. The lesson plan should be delivered in a structured format, including:\n\n* A brief course description and objectives\n* A week-by-week outline of topics and activities\n* Specific learning outcomes and assessments for each week\n* Recommendations for instructional materials, such as textbooks, articles, and multimedia resources\n\nAssuming a 15-week semester, the lesson plan should cover a range of topics relevant to African American studies, including history, culture, literature, and social justice. Please consider the following constraints:\n* The course should be engaging and interactive, incorporating discussions, group work, and presentations\n* The course should include a mix of lectures, readings, and multimedia materials\n* The course should assess student learning through a combination of quizzes, written assignments, and class participation\n\nFor example, the first week of the course might include an introduction to the field of African American studies, including its key concepts, theories, and methodologies. Please provide a sample week's worth of lesson plans to demonstrate your approach. If you have any questions or need further clarification on the course objectives or requirements, please request additional information before proceeding. The final lesson plan should be delivered in a Microsoft Word document or Google Doc format, with clear headings and bullet points.""}]}",2025-10-23T21:11:30.258033
51f2ed26-20cb-46f7-b454-ed2a7a520560,0,1e4fec80-f632-4058-8bd5-94bb6e25c080,"help me write sort ez
",original,"{""bullets"": [""Original""]}",2025-10-17T15:38:48.321113
51f2ed26-20cb-46f7-b454-ed2a7a520560,1,1f931b00-01dc-4bea-8232-79cd11ddf6ae,"Acting as a technical writing assistant, help me create a concise and well-structured sorting algorithm guide. Please provide the guide in a step-by-step format with numbered instructions and include a brief explanation of the algorithm's time and space complexity. The guide should be approximately 200-250 words in length and written in a clear, easy-to-understand tone. If any context or clarification is needed, please ask before providing the guide. For example, the guide could include a simple sorting algorithm like bubble sort, and might look something like: 
1. Start with a list of unsorted elements
2. Compare the first two elements and swap them if necessary
... 
Please provide the complete guide, and ensure it includes a brief summary of the algorithm's trade-offs and potential use cases.",groq/llama-3.3-70b,"{""bullets"": [""Added explicit role for the assistant"", ""Specified deliverables and output artifact"", ""Inserted constraint section"", ""Required clarifying questions before solution""], ""diffs"": [{""from"": ""help me write sort ez\n"", ""to"": ""Acting as a technical writing assistant, help me create a concise and well-structured sorting algorithm guide. Please provide the guide in a step-by-step format with numbered instructions and include a brief explanation of the algorithm's time and space complexity. The guide should be approximately 200-250 words in length and written in a clear, easy-to-understand tone. If any context or clarification is needed, please ask before providing the guide. For example, the guide could include a simple sorting algorithm like bubble sort, and might look something like: \n1. Start with a list of unsorted elements\n2. Compare the first two elements and swap them if necessary\n... \nPlease provide the complete guide, and ensure it includes a brief summary of the algorithm's trade-offs and potential use cases.""}]}",2025-10-17T15:38:49.607263
c4e65217-7015-4cfa-a3aa-a0b17819ad8d,0,981a8582-cd37-46e8-809e-7c8e9ab27d9f,write me a sort,original,"{""bullets"": [""Original""]}",2025-10-17T15:40:31.060265
c4e65217-7015-4cfa-a3aa-a0b17819ad8d,1,97e40dc8-3865-48bc-88f7-c94f153294c0,"Acting as a skilled programmer, write a step-by-step implementation of a sorting algorithm in Python, with the expected output format being a fully executable code snippet. The sorting algorithm should be able to efficiently sort a list of 10 random integers in ascending order. Please include a brief explanation of the algorithm used and provide an example input and output, such as sorting the list [64, 34, 25, 12, 22, 11, 90]. If there are any ambiguities or unclear requirements, please request clarification before providing a response.",groq/llama-3.3-70b,"{""bullets"": [""Added explicit role for the assistant"", ""Specified deliverables and output artifact"", ""Inserted constraint section"", ""Required clarifying questions before solution""], ""diffs"": [{""from"": ""write me a sort"", ""to"": ""Acting as a skilled programmer, write a step-by-step implementation of a sorting algorithm in Python, with the expected output format being a fully executable code snippet. The sorting algorithm should be able to efficiently sort a list of 10 random integers in ascending order. Please include a brief explanation of the algorithm used and provide an example input and output, such as sorting the list [64, 34, 25, 12, 22, 11, 90]. If there are any ambiguities or unclear requirements, please request clarification before providing a response.""}]}",2025-10-17T15:40:32.044499
db9d1cbf-1248-498f-9826-dcbb5fc9f098,0,9c35da8c-5532-4468-b514-4a2ce89a2d13,write me a sort,original,"{""bullets"": [""Original""]}",2025-10-17T15:41:57.819051
db9d1cbf-1248-498f-9826-dcbb5fc9f098,1,52325918-5e31-407a-a63a-950490197d0f,"Acting as a seasoned algorithm designer, create a step-by-step implementation of a sorting algorithm in a programming language of your choice. The output should be in the format of a Markdown table with the following columns: Algorithm Name, Time Complexity, Space Complexity, and Example Use Case. 

Constraints: 
- The algorithm should be able to sort a list of integers in ascending order.
- The input list should be of a variable length.
- The implementation should be in Python.

If helpful, provide an example input and its corresponding sorted output. 

Please clarify if there are any specific requirements or preferences for the sorting algorithm (e.g., stability, efficiency). 

The final response should include:
### Sorting Algorithm Implementation
* A brief description of the chosen algorithm
* The implementation in Python
* The Markdown table with the specified columns
* An example input and its corresponding sorted output.",groq/llama-3.3-70b,"{""bullets"": [""Added explicit role for the assistant"", ""Specified deliverables and output artifact"", ""Inserted constraint section"", ""Required clarifying questions before solution""], ""diffs"": [{""from"": ""write me a sort"", ""to"": ""Acting as a seasoned algorithm designer, create a step-by-step implementation of a sorting algorithm in a programming language of your choice. The output should be in the format of a Markdown table with the following columns: Algorithm Name, Time Complexity, Space Complexity, and Example Use Case. \n\nConstraints: \n- The algorithm should be able to sort a list of integers in ascending order.\n- The input list should be of a variable length.\n- The implementation should be in Python.\n\nIf helpful, provide an example input and its corresponding sorted output. \n\nPlease clarify if there are any specific requirements or preferences for the sorting algorithm (e.g., stability, efficiency). \n\nThe final response should include:\n### Sorting Algorithm Implementation\n* A brief description of the chosen algorithm\n* The implementation in Python\n* The Markdown table with the specified columns\n* An example input and its corresponding sorted output.""}]}",2025-10-17T15:41:58.914188
1e2c2ed5-fe64-4d6e-839b-e964b78dfb30,0,7f484b89-6941-4f92-b378-21b518928cbf,sort code now,original,"{""bullets"": [""Original""]}",2025-10-17T15:42:08.956530
1e2c2ed5-fe64-4d6e-839b-e964b78dfb30,1,3d8ee4d3-bcad-440e-88ca-11d12a69bd0f,"Acting as a skilled coding assistant, sort the provided code snippet in ascending order, and return the sorted code in a formatted text block with numbered lines. Ensure the code remains syntactically correct and functional after sorting. If no code snippet is provided, please request the code from the user. The sorted code should be in the same programming language as the original snippet. If the programming language is unknown, please ask for clarification. 

Example input:
```
line 5: print(""hello"")
line 1: import os
line 3: x = 5
```
Expected output format:
```
1. import os
2. x = 5
3. print(""hello"")
```
Please provide the code snippet to be sorted or request further clarification if needed.",groq/llama-3.3-70b,"{""bullets"": [""Added explicit role for the assistant"", ""Specified deliverables and output artifact"", ""Inserted constraint section"", ""Required clarifying questions before solution""], ""diffs"": [{""from"": ""sort code now"", ""to"": ""Acting as a skilled coding assistant, sort the provided code snippet in ascending order, and return the sorted code in a formatted text block with numbered lines. Ensure the code remains syntactically correct and functional after sorting. If no code snippet is provided, please request the code from the user. The sorted code should be in the same programming language as the original snippet. If the programming language is unknown, please ask for clarification. \n\nExample input:\n```\nline 5: print(\""hello\"")\nline 1: import os\nline 3: x = 5\n```\nExpected output format:\n```\n1. import os\n2. x = 5\n3. print(\""hello\"")\n```\nPlease provide the code snippet to be sorted or request further clarification if needed.""}]}",2025-10-17T15:42:09.969811
df3f884b-762d-4802-8a30-daa048fede11,0,8081e55d-5163-408f-bde1-ce98a167fda0,sort code now,original,"{""bullets"": [""Original""]}",2025-10-17T15:44:28.286202
df3f884b-762d-4802-8a30-daa048fede11,1,d32e2fc5-fb8c-4f9e-a9d0-2fefad3a216c,"Acting as a coding assistant, sort the provided code snippet in a logical and readable format, and return the sorted code as a formatted text block with clear indentation and syntax highlighting. Assume the code is written in a popular programming language (e.g. Python, Java, C++). If no specific code snippet is provided, please ask for clarification on the code that needs to be sorted, along with its programming language. The expected output should include the sorted code, as well as a brief explanation of the sorting approach used (e.g. alphabetical, chronological, etc.). If you need more context or information about the code, please request it before providing the sorted code.",groq/llama-3.3-70b,"{""bullets"": [""Added explicit role for the assistant"", ""Specified deliverables and output artifact"", ""Inserted constraint section"", ""Required clarifying questions before solution""], ""diffs"": [{""from"": ""sort code now"", ""to"": ""Acting as a coding assistant, sort the provided code snippet in a logical and readable format, and return the sorted code as a formatted text block with clear indentation and syntax highlighting. Assume the code is written in a popular programming language (e.g. Python, Java, C++). If no specific code snippet is provided, please ask for clarification on the code that needs to be sorted, along with its programming language. The expected output should include the sorted code, as well as a brief explanation of the sorting approach used (e.g. alphabetical, chronological, etc.). If you need more context or information about the code, please request it before providing the sorted code.""}]}",2025-10-17T15:44:29.395536
05a10e77-69bb-463c-b12d-66a000985a02,0,5d713d79-8c4a-4448-9c0e-ad58e688fa9c,write me a sort algorithum,original,"{""bullets"": [""Original""]}",2025-10-17T15:45:28.054311
05a10e77-69bb-463c-b12d-66a000985a02,1,9efcf121-1781-4bc1-934e-fdba9dfbc36d,"Acting as a skilled software developer, write a well-structured and efficient sorting algorithm in Python, with a focus on readability and performance. The algorithm should be able to sort a list of integers in ascending order. 

Please provide the algorithm in a markdown code block, with clear and concise comments explaining the logic and any complex operations. The output should include:

* A brief explanation of the algorithm's time and space complexity
* Example use cases, including a list of 5-10 random integers
* A fully executable code snippet that can be run in a Python environment

If any constraints or assumptions are made during the development of the algorithm, please explicitly state them. If you require any additional context or clarification, please request it before providing the response.",groq/llama-3.3-70b,"{""bullets"": [""Added explicit role for the assistant"", ""Specified deliverables and output artifact"", ""Inserted constraint section"", ""Required clarifying questions before solution""], ""diffs"": [{""from"": ""write me a sort algorithum"", ""to"": ""Acting as a skilled software developer, write a well-structured and efficient sorting algorithm in Python, with a focus on readability and performance. The algorithm should be able to sort a list of integers in ascending order. \n\nPlease provide the algorithm in a markdown code block, with clear and concise comments explaining the logic and any complex operations. The output should include:\n\n* A brief explanation of the algorithm's time and space complexity\n* Example use cases, including a list of 5-10 random integers\n* A fully executable code snippet that can be run in a Python environment\n\nIf any constraints or assumptions are made during the development of the algorithm, please explicitly state them. If you require any additional context or clarification, please request it before providing the response.""}]}",2025-10-17T15:45:29.069146
3e4b2f5d-efee-42a0-8fd0-d4143ac3bbe8,0,1a946d86-b70a-49e7-b32a-e721401b5cea,Make a game,original,"{""bullets"": [""Original""]}",2025-10-17T16:29:47.411962
3e4b2f5d-efee-42a0-8fd0-d4143ac3bbe8,1,95bd6250-bdfb-4300-aec1-9a103fe6e526,"Acting as a game designer, create a detailed concept for a new video game, including genre, storyline, characters, and gameplay mechanics. The output should be in a written report format, approximately 500-750 words, with the following sections: Introduction, Game Overview, Gameplay, Art and Audio, and Technical Requirements. The game should be designed for a PC platform, with a target audience of players aged 18-35, and should include multiplayer capabilities. If any clarifying questions are needed to ensure the game meets the desired specifications, please request them before proceeding. Provide at least two examples of similar games that inspired the concept, and include a rough outline of the game's user interface and main menu.",groq/llama-3.3-70b,"{""bullets"": [""Added explicit role for the assistant"", ""Specified deliverables and output artifact"", ""Inserted constraint section"", ""Required clarifying questions before solution""], ""diffs"": [{""from"": ""Make a game"", ""to"": ""Acting as a game designer, create a detailed concept for a new video game, including genre, storyline, characters, and gameplay mechanics. The output should be in a written report format, approximately 500-750 words, with the following sections: Introduction, Game Overview, Gameplay, Art and Audio, and Technical Requirements. The game should be designed for a PC platform, with a target audience of players aged 18-35, and should include multiplayer capabilities. If any clarifying questions are needed to ensure the game meets the desired specifications, please request them before proceeding. Provide at least two examples of similar games that inspired the concept, and include a rough outline of the game's user interface and main menu.""}]}",2025-10-17T16:29:48.589172
36a31213-e321-4bda-aad7-c373c0c25fc2,0,f11acc29-6807-44c9-86b4-3b5e8c47ca77,,original,"{""bullets"": [""Original""]}",2025-10-24T15:24:34.169926
36a31213-e321-4bda-aad7-c373c0c25fc2,1,6a66edd4-53b9-4e98-a21d-4878765fc080,"You didn't provide a prompt for me to improve. Please provide the prompt, and I'll be happy to assist you in making it more clear, specific, actionable, and structured. I will then return the improved prompt.",groq/llama-3.3-70b,"{""bullets"": [""Added explicit role for the assistant"", ""Specified deliverables and output artifact"", ""Inserted constraint section"", ""Required clarifying questions before solution""], ""diffs"": [{""from"": """", ""to"": ""You didn't provide a prompt for me to improve. Please provide the prompt, and I'll be happy to assist you in making it more clear, specific, actionable, and structured. I will then return the improved prompt.""}]}",2025-10-24T15:24:34.678729
a3858c12-d8c4-460e-8309-10bed447255f,0,ec977b1f-1de1-46bc-9088-425ab1a95afb,Code a sorting algorithm,original,"{""bullets"": [""Original""]}",2025-10-24T15:24:45.588536
a3858c12-d8c4-460e-8309-10bed447255f,1,acb2e325-7523-4c03-8f93-1847507052cb,"Acting as a professional software developer, create a well-documented and fully executable implementation of the Quicksort sorting algorithm in Python, with a focus on readability and efficiency. The expected output format should be a Markdown code block containing the Python code, along with explanations of the algorithm's time and space complexity. The implementation should include example use cases, such as sorting lists of integers and strings, and should adhere to standard professional guidelines for code quality and best practices. If any clarifying questions arise regarding the specific requirements or constraints of the implementation, please request further information before proceeding.",groq/llama-3.3-70b,"{""bullets"": [""Added explicit role for the assistant"", ""Specified deliverables and output artifact"", ""Inserted constraint section"", ""Required clarifying questions before solution""], ""diffs"": [{""from"": ""Code a sorting algorithm"", ""to"": ""Acting as a professional software developer, create a well-documented and fully executable implementation of the Quicksort sorting algorithm in Python, with a focus on readability and efficiency. The expected output format should be a Markdown code block containing the Python code, along with explanations of the algorithm's time and space complexity. The implementation should include example use cases, such as sorting lists of integers and strings, and should adhere to standard professional guidelines for code quality and best practices. If any clarifying questions arise regarding the specific requirements or constraints of the implementation, please request further information before proceeding.""}]}",2025-10-24T15:24:46.366394
e1256d69-7515-4096-95b5-bfeb780798a0,0,a1b0f42d-13cd-478e-888b-72d34eb679b8,,original,"{""bullets"": [""Original""]}",2025-10-24T15:24:47.211487
e1256d69-7515-4096-95b5-bfeb780798a0,1,f689ab0b-4e59-400e-b737-d48dfbc6933d,"You didn't provide a prompt to improve. Please provide the prompt, and I will revise it according to the guidelines.",groq/llama-3.3-70b,"{""bullets"": [""Added explicit role for the assistant"", ""Specified deliverables and output artifact"", ""Inserted constraint section"", ""Required clarifying questions before solution""], ""diffs"": [{""from"": """", ""to"": ""You didn't provide a prompt to improve. Please provide the prompt, and I will revise it according to the guidelines.""}]}",2025-10-24T15:24:47.697415
1e7e6796-b836-4858-b804-c4c6c3801fa7,0,609cf3e3-7197-4500-a72d-0967ba146a29,Write a function to process data. Write a function to process data. Write a function to process data. Write a function to process data. Write a function to process data. Write a function to process data. Write a function to process data. Write a function to process data. Write a function to process data. Write a function to process data. Write a function to process data. Write a function to process data. Write a function to process data. Write a function to process data. Write a function to process data. Write a function to process data. Write a function to process data. Write a function to process data. Write a function to process data. Write a function to process data. Write a function to process data. Write a function to process data. Write a function to process data. Write a function to process data. Write a function to process data. Write a function to process data. Write a function to process data. Write a function to process data. Write a function to process data. Write a function to process data. Write a function to process data. Write a function to process data. Write a function to process data. Write a function to process data. Write a function to process data. Write a function to process data. Write a function to process data. Write a function to process data. Write a function to process data. Write a function to process data. Write a function to process data. Write a function to process data. Write a function to process data. Write a function to process data. Write a function to process data. Write a function to process data. Write a function to process data. Write a function to process data. Write a function to process data. Write a function to process data. ,original,"{""bullets"": [""Original""]}",2025-10-24T15:24:48.384131
1e7e6796-b836-4858-b804-c4c6c3801fa7,1,65529eb4-07c9-477b-83b9-44f4937fd0da,"Acting as a skilled software developer, create a single, well-structured function in Python to process a given dataset. The function should take a list of integers as input, perform a specific operation (e.g., calculate the mean, median, or standard deviation), and return the result in a JSON format. 

The expected output format is: {""result"": [result_value]}. 

Constraints: 
- The input list should not be empty.
- The function should handle potential errors, such as division by zero or invalid input.
- The function should be well-documented with clear comments explaining its purpose, parameters, and return values.

Example input: [1, 2, 3, 4, 5]
Example output: {""result"": 3.0} (assuming the function calculates the mean)

If any context or details are missing, please request clarification before proceeding.",groq/llama-3.3-70b,"{""bullets"": [""Added explicit role for the assistant"", ""Specified deliverables and output artifact"", ""Inserted constraint section"", ""Required clarifying questions before solution""], ""diffs"": [{""from"": ""Write a function to process data. Write a function to process data. Write a function to process data. Write a function to process data. Write a function to process data. Write a function to process data. Write a function to process data. Write a function to process data. Write a function to process data. Write a function to process data. Write a function to process data. Write a function to process data. Write a function to process data. Write a function to process data. Write a function to process data. Write a function to process data. Write a function to process data. Write a function to process data. Write a function to process data. Write a function to process data. Write a function to process data. Write a function to process data. Write a function to process data. Write a function to process data. Write a function to process data. Write a function to process data. Write a function to process data. Write a function to process data. Write a function to process data. Write a function to process data. Write a function to process data. Write a function to process data. Write a function to process data. Write a function to process data. Write a function to process data. Write a function to process data. Write a function to process data. Write a function to process data. Write a function to process data. Write a function to process data. Write a function to process data. Write a function to process data. Write a function to process data. Write a function to process data. Write a function to process data. Write a function to process data. Write a function to process data. Write a function to process data. Write a function to process data. Write a function to process data. "", ""to"": ""Acting as a skilled software developer, create a single, well-structured function in Python to process a given dataset. The function should take a list of integers as input, perform a specific operation (e.g., calculate the mean, median, or standard deviation), and return the result in a JSON format. \n\nThe expected output format is: {\""result\"": [result_value]}. \n\nConstraints: \n- The input list should not be empty.\n- The function should handle potential errors, such as division by zero or invalid input.\n- The function should be well-documented with clear comments explaining its purpose, parameters, and return values.\n\nExample input: [1, 2, 3, 4, 5]\nExample output: {\""result\"": 3.0} (assuming the function calculates the mean)\n\nIf any context or details are missing, please request clarification before proceeding.""}]}",2025-10-24T15:24:49.334659
e5d448ff-7e2b-4651-b615-ab45de53acda,0,1ebd43a9-f80d-478e-92e8-f916c898e107,Write a function to sort numbers,original,"{""bullets"": [""Original""]}",2025-10-24T15:27:24.843372
e5d448ff-7e2b-4651-b615-ab45de53acda,1,7c9a7350-6fad-4478-8854-3c207e450282,"You are a senior subject-matter expert.
Task: Write a function to sort numbers
Deliverables:
- Clear, step-by-step plan
- Examples and edge-cases
- Final answer ready to use
Constraints: [time, tools, data sources]
If information is missing, list precise clarifying questions first, then proceed with best assumptions.",template/fallback,"{""bullets"": [""Added explicit role for the assistant"", ""Specified deliverables and output artifact"", ""Inserted constraint section"", ""Required clarifying questions before solution""], ""diffs"": [{""from"": ""Write a function to sort numbers"", ""to"": ""You are a senior subject-matter expert.\nTask: Write a function to sort numbers\nDeliverables:\n- Clear, step-by-step plan\n- Examples and edge-cases\n- Final answer ready to use\nConstraints: [time, tools, data sources]\nIf information is missing, list precise clarifying questions first, then proceed with best assumptions.""}]}",2025-10-24T15:27:28.394525
db1a2ebe-a398-4111-86ad-ceb125907ea7,0,fc842c91-9cd8-423d-a9c8-8f957fd4a873,Code a sorting algorithm,original,"{""bullets"": [""Original""]}",2025-10-24T15:27:31.706074
db1a2ebe-a398-4111-86ad-ceb125907ea7,1,ef4c39a8-64fd-4941-b01b-c4478a79cfa5,"Acting as a skilled software developer, design and implement a sorting algorithm in Python, providing a fully executable code snippet that sorts a list of integers in ascending order. The output should be a markdown-formatted code block containing the Python code, along with a brief explanation of the algorithm's time and space complexity. Ensure the code is well-structured, readable, and includes example usage. If any additional information is needed to complete this task, please request clarification before providing a response. The sorting algorithm should have a time complexity of O(n log n) and be able to handle lists of up to 10,000 elements. For example, given the input list `[5, 2, 8, 1, 9]`, the output should be `[1, 2, 5, 8, 9]`.",groq/llama-3.3-70b,"{""bullets"": [""Added explicit role for the assistant"", ""Specified deliverables and output artifact"", ""Inserted constraint section"", ""Required clarifying questions before solution""], ""diffs"": [{""from"": ""Code a sorting algorithm"", ""to"": ""Acting as a skilled software developer, design and implement a sorting algorithm in Python, providing a fully executable code snippet that sorts a list of integers in ascending order. The output should be a markdown-formatted code block containing the Python code, along with a brief explanation of the algorithm's time and space complexity. Ensure the code is well-structured, readable, and includes example usage. If any additional information is needed to complete this task, please request clarification before providing a response. The sorting algorithm should have a time complexity of O(n log n) and be able to handle lists of up to 10,000 elements. For example, given the input list `[5, 2, 8, 1, 9]`, the output should be `[1, 2, 5, 8, 9]`.""}]}",2025-10-24T15:27:32.544327
924a42f3-a568-4c56-8626-2cdac158dcef,0,334935e3-2f63-4f81-8305-3ee75476b633,,original,"{""bullets"": [""Original""]}",2025-10-24T15:27:33.396723
924a42f3-a568-4c56-8626-2cdac158dcef,1,b0af239c-a326-41cd-856d-ac6036dafaf1,"It appears you haven't provided a prompt for me to improve. Please provide the prompt you'd like me to work on, and I'll be happy to assist you in making it more clear, specific, and actionable.",groq/llama-3.3-70b,"{""bullets"": [""Added explicit role for the assistant"", ""Specified deliverables and output artifact"", ""Inserted constraint section"", ""Required clarifying questions before solution""], ""diffs"": [{""from"": """", ""to"": ""It appears you haven't provided a prompt for me to improve. Please provide the prompt you'd like me to work on, and I'll be happy to assist you in making it more clear, specific, and actionable.""}]}",2025-10-24T15:27:33.728947
58409b08-9f8f-47d0-bfe7-2f93c2d81724,0,e50378a4-179a-402f-9502-387679ff31a2,Write a function to process data. Write a function to process data. Write a function to process data. Write a function to process data. Write a function to process data. Write a function to process data. Write a function to process data. Write a function to process data. Write a function to process data. Write a function to process data. Write a function to process data. Write a function to process data. Write a function to process data. Write a function to process data. Write a function to process data. Write a function to process data. Write a function to process data. Write a function to process data. Write a function to process data. Write a function to process data. Write a function to process data. Write a function to process data. Write a function to process data. Write a function to process data. Write a function to process data. Write a function to process data. Write a function to process data. Write a function to process data. Write a function to process data. Write a function to process data. Write a function to process data. Write a function to process data. Write a function to process data. Write a function to process data. Write a function to process data. Write a function to process data. Write a function to process data. Write a function to process data. Write a function to process data. Write a function to process data. Write a function to process data. Write a function to process data. Write a function to process data. Write a function to process data. Write a function to process data. Write a function to process data. Write a function to process data. Write a function to process data. Write a function to process data. Write a function to process data. ,original,"{""bullets"": [""Original""]}",2025-10-24T15:27:34.322623
58409b08-9f8f-47d0-bfe7-2f93c2d81724,1,fb3af16c-91d9-4a56-9056-5a70d0c994d8,"Acting as a skilled software developer, create a single, well-structured function in Python to process a given dataset. The function should take a list of integers as input, calculate the mean, median, and standard deviation of the data, and return the results in a JSON object with the following format: {""mean"": mean_value, ""median"": median_value, ""std_dev"": std_dev_value}. Ensure the function includes input validation to handle empty lists and non-numeric values. Provide an example usage of the function with a sample dataset, such as [1, 2, 3, 4, 5]. If any constraints or assumptions are unclear, please request clarification before providing a response.",groq/llama-3.3-70b,"{""bullets"": [""Added explicit role for the assistant"", ""Specified deliverables and output artifact"", ""Inserted constraint section"", ""Required clarifying questions before solution""], ""diffs"": [{""from"": ""Write a function to process data. Write a function to process data. Write a function to process data. Write a function to process data. Write a function to process data. Write a function to process data. Write a function to process data. Write a function to process data. Write a function to process data. Write a function to process data. Write a function to process data. Write a function to process data. Write a function to process data. Write a function to process data. Write a function to process data. Write a function to process data. Write a function to process data. Write a function to process data. Write a function to process data. Write a function to process data. Write a function to process data. Write a function to process data. Write a function to process data. Write a function to process data. Write a function to process data. Write a function to process data. Write a function to process data. Write a function to process data. Write a function to process data. Write a function to process data. Write a function to process data. Write a function to process data. Write a function to process data. Write a function to process data. Write a function to process data. Write a function to process data. Write a function to process data. Write a function to process data. Write a function to process data. Write a function to process data. Write a function to process data. Write a function to process data. Write a function to process data. Write a function to process data. Write a function to process data. Write a function to process data. Write a function to process data. Write a function to process data. Write a function to process data. Write a function to process data. "", ""to"": ""Acting as a skilled software developer, create a single, well-structured function in Python to process a given dataset. The function should take a list of integers as input, calculate the mean, median, and standard deviation of the data, and return the results in a JSON object with the following format: {\""mean\"": mean_value, \""median\"": median_value, \""std_dev\"": std_dev_value}. Ensure the function includes input validation to handle empty lists and non-numeric values. Provide an example usage of the function with a sample dataset, such as [1, 2, 3, 4, 5]. If any constraints or assumptions are unclear, please request clarification before providing a response.""}]}",2025-10-24T15:27:35.037303
f3232595-6140-4dc9-84fa-61e6651c77d5,0,3041a64d-5e50-4c66-b497-69ca6512d48c,help me write a sort,original,"{""bullets"": [""Original""]}",2025-10-31T01:03:05.561458
f3232595-6140-4dc9-84fa-61e6651c77d5,1,92c80a84-e310-46e1-a020-249cc3f8578c,"Acting as a skilled programming tutor, assist me in writing a sorting algorithm by providing a fully executable code example in Python, including explanations of the implementation and time complexity. The code should be able to sort a list of integers in ascending order. Please include an example input and output to demonstrate the functionality, and follow standard professional guidelines for code readability and documentation. If any context or details are missing, please ask clarifying questions before providing the response.",groq/llama-3.3-70b,"{""bullets"": [""Added explicit role for the assistant"", ""Specified deliverables and output artifact"", ""Inserted constraint section"", ""Required clarifying questions before solution""], ""diffs"": [{""from"": ""help me write a sort"", ""to"": ""Acting as a skilled programming tutor, assist me in writing a sorting algorithm by providing a fully executable code example in Python, including explanations of the implementation and time complexity. The code should be able to sort a list of integers in ascending order. Please include an example input and output to demonstrate the functionality, and follow standard professional guidelines for code readability and documentation. If any context or details are missing, please ask clarifying questions before providing the response.""}]}",2025-10-31T01:03:06.299854
287de710-1533-4e34-a5a3-5c680a0241b1,0,f7742a8a-11fe-4670-9485-1143525fad7f,"Help me write a poem about love
",original,"{""bullets"": [""Original""]}",2025-10-31T01:05:53.489198
287de710-1533-4e34-a5a3-5c680a0241b1,1,eebec763-f92d-4612-b9a8-44f49f18dae9,"Acting as a skilled poet, assist me in crafting a romantic poem about love by providing a 12-line verse with a rhyming scheme, written in a modern style with a focus on the emotional intensity of a new relationship, and include at least two sensory details, such as sights, sounds, or smells, and ensure the tone is hopeful and optimistic, for example, like a poem that explores the excitement of a first kiss or the joy of a summer romance, and please ask for clarification if you need more context or specifics about the desired tone or theme.",groq/llama-3.3-70b,"{""bullets"": [""Added explicit role for the assistant"", ""Specified deliverables and output artifact"", ""Inserted constraint section"", ""Required clarifying questions before solution""], ""diffs"": [{""from"": ""Help me write a poem about love\n"", ""to"": ""Acting as a skilled poet, assist me in crafting a romantic poem about love by providing a 12-line verse with a rhyming scheme, written in a modern style with a focus on the emotional intensity of a new relationship, and include at least two sensory details, such as sights, sounds, or smells, and ensure the tone is hopeful and optimistic, for example, like a poem that explores the excitement of a first kiss or the joy of a summer romance, and please ask for clarification if you need more context or specifics about the desired tone or theme.""}]}",2025-10-31T01:05:54.280983
096aefb7-1f34-45c2-9acb-de174d7efd9d,0,f51117d6-2bd3-4dd3-b0df-ac47cac8134e,debug this file and fix the errors ,original,"{""bullets"": [""Original""]}",2025-10-31T01:06:46.830685
096aefb7-1f34-45c2-9acb-de174d7efd9d,1,a949c51f-f2a8-4a55-ac99-5c983db872a5,"Acting as a skilled software developer, debug the provided file and identify all errors, then provide a corrected version of the file in the same programming language, including a step-by-step explanation of the changes made and the reasoning behind them. Please format your response as follows: 
1. List of identified errors with line numbers
2. Corrected code snippet
3. Brief explanation of each fix. 
If the file is not provided, please request it before proceeding. Assume the file is written in a popular programming language (e.g., Python, Java, C++), but if clarification on the language is needed, ask for confirmation before starting the debugging process.",groq/llama-3.3-70b,"{""bullets"": [""Added explicit role for the assistant"", ""Specified deliverables and output artifact"", ""Inserted constraint section"", ""Required clarifying questions before solution""], ""diffs"": [{""from"": ""debug this file and fix the errors "", ""to"": ""Acting as a skilled software developer, debug the provided file and identify all errors, then provide a corrected version of the file in the same programming language, including a step-by-step explanation of the changes made and the reasoning behind them. Please format your response as follows: \n1. List of identified errors with line numbers\n2. Corrected code snippet\n3. Brief explanation of each fix. \nIf the file is not provided, please request it before proceeding. Assume the file is written in a popular programming language (e.g., Python, Java, C++), but if clarification on the language is needed, ask for confirmation before starting the debugging process.""}]}",2025-10-31T01:06:47.676884
a74fd230-882e-4045-97b4-dc3583876b01,0,528ec022-9c61-4f7d-bea1-461fabb81a8c,write me a 200 word story about love and misfortune,original,"{""bullets"": [""Original""]}",2025-10-31T01:08:00.701524
a74fd230-882e-4045-97b4-dc3583876b01,1,b3efedf8-29df-48bc-a7ae-c4327299a777,"Acting as a creative writer, produce a 200-word short story about love and misfortune, in a narrative format with a clear beginning, middle, and end. The story should be written in the past tense and include at least two characters. The output format should be a single block of text, with no headings or bullet points. 

Please ensure the story explores the themes of love and misfortune in a way that is both poignant and thought-provoking, and includes a clear plot twist or turning point. If the context of the story is ambiguous, please request clarifying questions before generating the story. 

For example, the story could be set in a historical context, or in a contemporary setting, and could involve romantic love, familial love, or platonic love. The misfortune could be a result of circumstance, or a consequence of the characters' actions. 

The final story should be concise, engaging, and free of grammatical errors, and should leave the reader with a lasting impression of the transformative power of love in the face of adversity.",groq/llama-3.3-70b,"{""bullets"": [""Added explicit role for the assistant"", ""Specified deliverables and output artifact"", ""Inserted constraint section"", ""Required clarifying questions before solution""], ""diffs"": [{""from"": ""write me a 200 word story about love and misfortune"", ""to"": ""Acting as a creative writer, produce a 200-word short story about love and misfortune, in a narrative format with a clear beginning, middle, and end. The story should be written in the past tense and include at least two characters. The output format should be a single block of text, with no headings or bullet points. \n\nPlease ensure the story explores the themes of love and misfortune in a way that is both poignant and thought-provoking, and includes a clear plot twist or turning point. If the context of the story is ambiguous, please request clarifying questions before generating the story. \n\nFor example, the story could be set in a historical context, or in a contemporary setting, and could involve romantic love, familial love, or platonic love. The misfortune could be a result of circumstance, or a consequence of the characters' actions. \n\nThe final story should be concise, engaging, and free of grammatical errors, and should leave the reader with a lasting impression of the transformative power of love in the face of adversity.""}]}",2025-10-31T01:08:01.705564
